,HomeCountry,PresentCountry,Age,Words,Filename,Date,Time,Sex,ID,duration
0,Trinidad,Trinidad,22,Plans are nice. You know what's nicer? Achievements!,2b506c83b397cbc,,,,,31.40266667
1,Tobago,Tobago,22,Where do random thoughts come from?,2b3b0c877ac7626,,,,,27.98933333
2,Trinidad,Trinidad,24,A purple pig and a green donkey flew a kite in the middle of the night and ended up sunburnt.,aa930ab8ba5b37,,,,,31.91466667
3,St. Vincent and the Grenadines,Trinidad,23,My dad is so funny that he told us jokes all night long and we never fell asleep.,84c26c24c9052c4,,,,,0
4,Jamaica,Jamaica,21,This is a Japanese doll.,c990a02bb4c358,,,,,0
5,Barbados,Trinidad,,Is it free?,1cb37557b081056,,,,,25.68533333
6,Jamaica,Jamaica,21,The memory we used to share is no longer coherent.,3.45E+14,,,,,0
7,Jamaica,Jamaica,24,How did you know that I was going to have a peanut butter sandwich for lunch?,53a46557164c06,,,,,0
8,Jamaica,Jamaica,21,She wrote him a long letter but he didn't read it.,134b8138aa93672,,,,,0
9,Tobago,Trinidad,23,The sky is clear; the stars are twinkling.,c97618a978b81b,,,,,26.45333333
10,Tobago,Trinidad,22,Hurry!,2ba55c603097acb,,,,,29.01333333
11,St. Vincent and the Grenadines,St. Vincent and the Grenadines,45,This is the last random sentence I will be writing and I am going to stop mid-sent,63a8600881997b72,,,,,0
12,Tobago,Tobago,24,Cats are good pets for they are clean and are not noisy.,4c5250c53aa5a27,,,,,27.73333333
13,Cayman Islands,St. Lucia,31,The shooter says goodbye to his love.,c40972553236796,,,,,0
14,Tobago,Tobago,58,Should we start class now  or should we wait for everyone to get here?,c001c61a9812a58,,,,,0
15,Trinidad,Trinidad,22,A glittering gem is not enough.,c9610c3892118a,,,,,0
16,Trinidad,Trinidad,,The waves were crashing on the shore; it was a lovely sight.,5bb61718758ca32,0.399756944,11:28:08,,,0
17,Jamaica,Barbados,28,They got there early and they got really good seats.,cca06267817c227,0.399756944,13:15:45,,,0
18,Jamaica,Jamaica,22,Cats are good pets  for they are clean and are not noisy.,3a6a6c6a7452a26,0.399756944,14:22:09,,,0
19,Trinidad,Trinidad,24,The church was white and brown and looked very old.,8597568b5110a9,0.399756944,18:09:17,,,0
20,Trinidad,Trinidad,42,Life is like an exam sometimes you fail other times you succeed,b755545285c3969,0.399756944,19:20:57,,,0
21,Trinidad,Trinidad,22,I am counting my calories yet I really want dessert.,722c83735b066c8,0.399756944,21:03:50,,,32.17066667
22,Tobago,Tobago,23,That boy is so mean that he doesn't care if a door slams in your face or if he cuts in line.,10ab02b6ca30837,0.399756944,21:04:26,,,0
23,Trinidad,Trinidad,23,The church was white and brown and looked very old.,069166455a880564,0.399756944,23:56:18,,,0
24,Trinidad,Trinidad,23,My dad is so funny that he told us jokes all night long and we never fell asleep.,a7c2a6543a86044,0.399756944,23:59:40,,,0
25,Trinidad,Trinidad,20,She wrote him a long letter but he didn't read it.,0630b73b35005982,0.441423611,2:54:14,,,0
26,St. Lucia,Antigua & Barbuda,32,I checked to make sure that he was still alive.,165b5142370a924,0.483090278,15:28:56,,,0
27,Trinidad,Trinidad,27,I will never be this young again. Ever. Oh damn… I just got older.,761602baca2bc37,0.483090278,15:32:09,,,0
28,St. Lucia,St. Lucia,,Should we start class now or should we wait for everyone to get here?,bac22756497579,0.483090278,15:33:40,,,29.09866667
29,Antigua & Barbuda,Antigua & Barbuda,29,Your mom is so nice she gave me a ride home today.,438bc81c228757,0.483090278,15:35:12,,,0
30,Trinidad,Trinidad,,Christmas is coming.,8a092739631716,0.483090278,15:38:11,,,0
31,Trinidad,Trinidad,25,She wrote him a long letter but he didn't read it.,4ac460a6c07885b,0.483090278,15:52:54,,,31.91466667
32,Trinidad,Trinidad,33,She borrowed the book from him many years ago and hasn't yet returned it.,3485735323c0a12,0.483090278,15:53:46,,,35.328
33,Trinidad,Trinidad,36,I fell in the mud when I was walking home from school today.,3553393c1827862,0.483090278,15:59:08,,,0
34,Trinidad,Trinidad,34,I think I will buy the red car or I will lease the blue one.,49b459400697815,0.483090278,16:18:40,,,0
35,Trinidad,Trinidad,28,I will never be this young again. Ever. Oh damn… I just got older.,054c4137a1175b4,0.483090278,17:07:03,,,0
36,Barbados,Barbados,30,I went to the dentist the other day and he let me pick a prize out of the prize box.,0ba1b424077b6b58,0.483090278,19:53:41,,,0
37,Tobago,Trinidad,19,This dinner is so delicious I can't stop eating.,7602c4b101b6996,0.483090278,22:15:38,,,28.58666667
38,Tobago,Tobago,,He turned in the research paper on Friday; otherwise he would have not passed the class.,b518616c2cba343,0.483090278,22:54:45,,,32.42666667
39,Barbados,Trinidad,23,I fell in the mud when I was walking home from school today.,61237ca3a1b8a07,0.524756944,2:37:11,,,0
40,St. Lucia,St. Lucia,36,The chocolate chip cookies smelled so good that I ate one without asking.,4c377192123582,0.524756944,4:23:22,,,29.952
41,Tobago,Tobago,46,We have never been to Asia nor have we visited Africa.,20c088bc295c34,0.524756944,17:04:41,,,0
42,Tobago,Tobago,,A glittering gem is not enough.,5061b7365a08834,0.649756944,2:49:19,,,29.52533333
43,St. Lucia,St. Lucia,18,Inside us there is something that has no name that something is what we are.,6a820431922a287,0.816423611,0:15:18,,,24.576
44,Trinidad,Trinidad,31,What was the person thinking when they discovered cow’s milk was fine for human consumption… and why did they do it in the first place!?,83555539cca847a,0.941423611,23:38:00,,,30.72
45,Tobago,Tobago,,She only paints with bold colors; she does not like pastels.,b6680a539165084,0.983090278,17:06:00,,,29.09866667
46,Tobago,Tobago,,But bigger than them all was the house~ his house.How terrible it would have been~ at this time~ to be without it: to have lived and died among the Tulsis~ amid the squalor of that large~ disintegrating and indifferent family; to have left Shama and the children among them~ in one room; worse~ to have lived without even attempting to lay claim to one’s portion of the earth; to have lived and died as one had been born~ unnecessary and unaccommodated.,78765c867b042b7F,0.150451389,23:11:57,F,759793,0
47,Tobago,Trinidad,,If you notice this notice~ you will notice that this notice is not worth noticing.,b659953c7b206c8F,0.275451389,1:32:55,F,815801,28.416
48,Dominica,Trinidad,,Have you ever been bitten by an elephant? How about a mosquito?. It is the little things in life that will bite you. Occasionally~ we see big mistakes threaten to destroy a career or reputation in an instant.,45a336198508869F,0.567118056,16:07,F,813503,0
49,Dominica,Trinidad,,Have you ever been bitten by an elephant? How about a mosquito?. It is the little things in life that will bite you. Occasionally~ we see big mistakes threaten to destroy a career or reputation in an instant.,a78c83465785205F,0.567118056,16:16,F,960853,0
50,St. Lucia,Trinidad,22,There is an idea of a Patrick Bateman~ some kind of abstraction~ but there is no real me~ only an entity~ something illusory~ and though I can hide my cold gaze and you can shake my hand and feel flesh gripping yours and maybe you can even sense our lifestyles are probably comparable: I simply am not there.,7a43b5320243557F,0.567118056,16:45,F,343732,26.112
51,St. Lucia,Trinidad,24,I don't know what effect my accusers have had on you~ men of Athens~ but I can tell you they almost made even me forget where I was~ so convincingly did they speak.But when it comes to the truth~ they've said virtually northing.,9310c75ab1c433F,0.608784722,3:41,F,573905,25.94133333
52,Bahamas,Trinidad,23,I don't know what effect my accusers have had on you~ men of Athens~ but I can tell you they almost made even me forget where I was~ so convincingly did they speak.But when it comes to the truth~ they've said virtually northing.,856a704316139F,0.983784722,17:51,F,844315,0
53,Bahamas,Trinidad,20,If you want to reach to Port of Spain~ go on a maxi and dont come off until the last stopping point~it will carry you to City gate.,23b254860980cb9F,0.983784722,17:51,F,742826,0
54,Trinidad,Trinidad,20,But bigger than them all was the house~ his house.How terrible it would have been~ at this time~ to be without it: to have lived and died among the Tulsis~ amid the squalor of that large~ disintegrating and indifferent family; to have left Shama and the children among them~ in one room; worse~ to have lived without even attempting to lay claim to one’s portion of the earth; ,821795218845b15F,0.983784722,17:54,F,657900,0
55,Trinidad,Trinidad,21,There is an idea of a Patrick Bateman~ some kind of abstraction~ but there is no real me~ only an entity~ something illusory~ and though I can hide my cold gaze and you can shake my hand and feel flesh gripping yours and maybe you can even sense our lifestyles are probably comparable: I simply am not there.,3818540c7251872F,0.983784722,17:55,F,489649,0
56,Barbados,Trinidad,20,Granted: I am an inmate of a mental hospital; my keeper is watching me~ he never lets me out of his sight; there’s a peephole in the door~ and my keeper’s eye is the shade of brown that can never see through a blue-eyed type like me.,a637cc962460b84F,0.983784722,17:57,F,871503,0
57,Anguilla,Anguilla,,But bigger than them all was the house~ his house.How terrible it would have been~ at this time~ to be without it: to have lived and died among the Tulsis~ amid the squalor of that large~ disintegrating and indifferent family; to have left Shama and the children among them~ in one room; worse~ to have lived without even attempting to lay claim to one’s portion of the earth; ,7955913763708c4F,0.983784722,17:59,F,267740,0
58,Trinidad,Trinidad,,I don't know what effect my accusers have had on you~ men of Athens~ but I can tell you they almost made even me forget where I was~ so convincingly did they speak.But when it comes to the truth~ they've said virtually northing.,2086839a970b41cF,0.983784722,18:06,F,733307,0
59,Grenada,Trinidad,,There is an idea of a Patrick Bateman~ some kind of abstraction~ but there is no real me~ only an entity~ something illusory~ and though I can hide my cold gaze and you can shake my hand and feel flesh gripping yours and maybe you can even sense our lifestyles are probably comparable: I simply am not there.,625ac6c86b5ccc6F,0.983784722,18:09,F,605604,0
60,Barbados,Trinidad,19,Sometimes fate is like a small sandstorm that keeps changing directions. You change direction but the sandstorm chases you. You turn again~ but the storm adjusts. Over and over you play this out~ like some ominous dance with death just before dawn. Why? Because this storm isn’t something that blew in from far away~ something that has nothing to do with you. This storm is you. Something inside of you. ,240bcba67c36a08F,0.983784722,18:09,F,916956,25.00266667
61,Guyana,Trinidad,,But bigger than them all was the house~ his house.How terrible it would have been~ at this time~ to be without it: to have lived and died among the Tulsis~ amid the squalor of that large~ disintegrating and indifferent family; to have left Shama and the children among them~ in one room; worse~ to have lived without even attempting to lay claim to one’s portion of the earth; ,078919c429072a8F,0.983784722,18:11,F,469629,0
62,Jamaica,Trinidad,19,There is an idea of a Patrick Bateman~ some kind of abstraction~ but there is no real me~ only an entity~ something illusory~ and though I can hide my cold gaze and you can shake my hand and feel flesh gripping yours and maybe you can even sense our lifestyles are probably comparable: I simply am not there.,4162b487631977bF,0.983784722,18:18,F,852355,0
63,Barbados,Trinidad,20,Sometimes fate is like a small sandstorm that keeps changing directions. You change direction but the sandstorm chases you. You turn again~ but the storm adjusts. Over and over you play this out~ like some ominous dance with death just before dawn. Why? Because this storm isn’t something that blew in from far away~ something that has nothing to do with you. This storm is you. Something inside of you. ,b9400a31ab6961F,0.983784722,18:42,F,124164,28.50133333
64,Barbados,Trinidad,18,Granted: I am an inmate of a mental hospital; my keeper is watching me~ he never lets me out of his sight; there’s a peephole in the door~ and my keeper’s eye is the shade of brown that can never see through a blue-eyed type like me.,63cc1861c27a10aF,0.983784722,18:59,F,973585,26.79466667
65,St. Vincent and the Grenadines,Trinidad,26,There is an idea of a Patrick Bateman~ some kind of abstraction~ but there is no real me~ only an entity~ something illusory~ and though I can hide my cold gaze and you can shake my hand and feel flesh gripping yours and maybe you can even sense our lifestyles are probably comparable: I simply am not there.,1a76c6060c6c407F,0.983784722,18:59,F,777379,0
66,St. Vincent and the Grenadines,Trinidad,,In my younger and more vulnerable years my father gave me some advice that I've been turning over in my mind ever since. Whenever you feel like criticizing anyone~ he told me~ just remember that all the people in this world haven't had the advantages that you've had.,62c4414b6234043F,0.983784722,20:20,F,845888,0
67,St. Vincent and the Grenadines,Trinidad,24,Sometimes fate is like a small sandstorm that keeps changing directions. You change direction but the sandstorm chases you. You turn again~ but the storm adjusts. Over and over you play this out~ like some ominous dance with death just before dawn. Why? Because this storm isn’t something that blew in from far away~ something that has nothing to do with you. This storm is you. Something inside of you. ,97a5b466962914F,0.983784722,20:26,F,318933,0
68,Jamaica,Trinidad,21,I don't know what effect my accusers have had on you~ men of Athens~ but I can tell you they almost made even me forget where I was~ so convincingly did they speak.But when it comes to the truth~ they've said virtually northing.,93a0c4c7ba85a45F,0.983784722,23:55,F,951005,0
69,Grenada,Trinidad,,In my younger and more vulnerable years my father gave me some advice that I've been turning over in my mind ever since. Whenever you feel like criticizing anyone~ he told me~ just remember that all the people in this world haven't had the advantages that you've had.,681a082a2a582aaF,24:03:2019,0:44,F,850563,0
70,Tobago,Trinidad,,I don't know what effect my accusers have had on you~ men of Athens~ but I can tell you they almost made even me forget where I was~ so convincingly did they speak.But when it comes to the truth~ they've said virtually northing.,33c346ab0929b06F,25:03:2019,0:38,F,76901,27.22133333
71,Tobago,Trinidad,19,But bigger than them all was the house~ his house.How terrible it would have been~ at this time~ to be without it: to have lived and died among the Tulsis~ amid the squalor of that large~ disintegrating and indifferent family; to have left Shama and the children among them~ in one room; worse~ to have lived without even attempting to lay claim to one’s portion of the earth; ,20533820a9c18b8F,25:03:2019,1:38,F,655199,25.42933333
72,Jamaica,Jamaica,69,,jamaican_creole_english1, , ,M,1,0
73,Jamaica,Jamaica,21,,jamaican_creole_english2, , ,M,2,0
74,Jamaica,Jamaica,19,,jamaican_creole_english3, , ,F,3,0
75,Jamaica,Jamaica,37,,jamaican_creole_english4, , ,M,4,0
76,Tobago,Trinidad,24,There is an idea of a Patrick Bateman~ some kind of abstraction~ but there is no real me~ only an entity~ something illusory~ and though I can hide my cold gaze and you can shake my hand and feel flesh gripping yours and maybe you can even sense our lifestyles are probably comparable: I simply am not there.,a676022a49b2944F,31:03:2019,21:24,F,536318,24.49066667
77,St. Kitts & Nevis,Trinidad,,Have you ever been bitten by an elephant? How about a mosquito?. It is the little things in life that will bite you. Occasionally~ we see big mistakes threaten to destroy a career or reputation in an instant.,7b4c7766083ab5M,31:03:2019,21:29,M,757119,0
78,Tobago,Trinidad,,Have you ever been bitten by an elephant? How about a mosquito?. It is the little things in life that will bite you. Occasionally~ we see big mistakes threaten to destroy a career or reputation in an instant.,070ac184c1279abM,31:03:2019,21:32,M,90218,0
79,Barbados,Trinidad,20,Have you ever been bitten by an elephant? How about a mosquito?. It is the little things in life that will bite you. Occasionally~ we see big mistakes threaten to destroy a career or reputation in an instant.,76191c1a0048878F,31:03:2019,21:36,F,420663,30.63466667
80,Trinidad,Trinidad,,I am an invisible man. No~ I am not a spook like those who haunted Edgar  Allan Poe; nor am I one of your Hollywood-movie ectoplasms. I am a man  of substance~ of flesh and bone~ fiber and liquids—and I might even be  said to possess a mind. I am invisible~ understand~ simply because  people refuse to see me. ,8a45b9397156837M,31:03:2019,21:39,M,241301,0
81,Antigua & Barbuda,Trinidad,,If you want to reach to Port of Spain~ go on a maxi and dont come off until the last stopping point~it will carry you to City gate.,ab369361719666aM,31:03:2019,21:44,M,31753,0
82,Trinidad,Trinidad,,But bigger than them all was the house~ his house.How terrible it would have been~ at this time~ to be without it: to have lived and died among the Tulsis~ amid the squalor of that large~ disintegrating and indifferent family; to have left Shama and the children among them~ in one room; worse~ to have lived without even attempting to lay claim to one’s portion of the earth; ,ac473806627005M,31:03:2019,21:48,M,576983,0
83,Grenada,Trinidad,,I am an invisible man. No~ I am not a spook like those who haunted Edgar  Allan Poe; nor am I one of your Hollywood-movie ectoplasms. I am a man  of substance~ of flesh and bone~ fiber and liquids—and I might even be  said to possess a mind. I am invisible~ understand~ simply because  people refuse to see me. ,11ab1b57a86a0837M,31:03:2019,21:50,M,920054,0
84,Grenada,Trinidad,,But bigger than them all was the house~ his house.How terrible it would have been~ at this time~ to be without it: to have lived and died among the Tulsis~ amid the squalor of that large~ disintegrating and indifferent family; to have left Shama and the children among them~ in one room; worse~ to have lived without even attempting to lay claim to one’s portion of the earth; ,c1943a6342c135M,31:03:2019,21:50,M,725527,0
85,St. Vincent and the Grenadines,Trinidad,,But bigger than them all was the house~ his house.How terrible it would have been~ at this time~ to be without it: to have lived and died among the Tulsis~ amid the squalor of that large~ disintegrating and indifferent family; to have left Shama and the children among them~ in one room; worse~ to have lived without even attempting to lay claim to one’s portion of the earth; ,17b7c75b28b44a4F,31:03:2019,21:53,F,672108,0
86,St. Lucia,Trinidad,,If you want to reach to Port of Spain~ go on a maxi and dont come off until the last stopping point~it will carry you to City gate.,b98c544cc8956M,31:03:2019,21:55,M,101438,25.51466667
87,Guyana,Barbados,21,If you want to reach to Port of Spain~ go on a maxi and dont come off until the last stopping point~it will carry you to City gate.,cb1a45043423a99F,31:03:2019,22:04,F,221267,0
88,Barbados,Trinidad,20,Sometimes fate is like a small sandstorm that keeps changing directions. You change direction but the sandstorm chases you. You turn again~ but the storm adjusts. Over and over you play this out~ like some ominous dance with death just before dawn. Why? Because this storm isn’t something that blew in from far away~ something that has nothing to do with you. This storm is you. Something inside of you. ,6a9aa9819131694F,31:03:2019,22:04,F,909133,24.91733333
89,Tobago,Trinidad,,Sometimes fate is like a small sandstorm that keeps changing directions. You change direction but the sandstorm chases you. You turn again~ but the storm adjusts. Over and over you play this out~ like some ominous dance with death just before dawn. Why? Because this storm isn’t something that blew in from far away~ something that has nothing to do with you. This storm is you. Something inside of you. ,a69999701130b08M,31:03:2019,22:08,M,206323,29.01333333
90,Trinidad,Trinidad,,In my younger and more vulnerable years my father gave me some advice that I've been turning over in my mind ever since. Whenever you feel like criticizing anyone~ he told me~ just remember that all the people in this world haven't had the advantages that you've had.,781bb3b06897c94F,31:03:2019,22:12,F,678241,0
91,Guyana,Trinidad,,I am an invisible man. No~ I am not a spook like those who haunted Edgar  Allan Poe; nor am I one of your Hollywood-movie ectoplasms. I am a man  of substance~ of flesh and bone~ fiber and liquids—and I might even be  said to possess a mind. I am invisible~ understand~ simply because  people refuse to see me. ,1b560b9b6684381F,31:03:2019,22:15,F,193970,0
92,Guyana,Trinidad,,But bigger than them all was the house~ his house.How terrible it would have been~ at this time~ to be without it: to have lived and died among the Tulsis~ amid the squalor of that large~ disintegrating and indifferent family; to have left Shama and the children among them~ in one room; worse~ to have lived without even attempting to lay claim to one’s portion of the earth; ,a796b3390630633F,31:03:2019,22:16,F,786547,0
93,Antigua & Barbuda,Trinidad,,I am an invisible man. No~ I am not a spook like those who haunted Edgar  Allan Poe; nor am I one of your Hollywood-movie ectoplasms. I am a man  of substance~ of flesh and bone~ fiber and liquids—and I might even be  said to possess a mind. I am invisible~ understand~ simply because  people refuse to see me. ,71c80593c6322aM,31:03:2019,22:18,M,251095,0
94,Barbados,Trinidad,,Have you ever been bitten by an elephant? How about a mosquito?. It is the little things in life that will bite you. Occasionally~ we see big mistakes threaten to destroy a career or reputation in an instant.,c060314a3936b8M,31:03:2019,22:20,M,96264,31.85777778
95,Trinidad,Trinidad,21,I don't know what effect my accusers have had on you~ men of Athens~ but I can tell you they almost made even me forget where I was~ so convincingly did they speak.But when it comes to the truth~ they've said virtually northing.,0772a47420a05558M,31:03:2019,22:22,M,437252,0
96,Trinidad,Trinidad,,Sometimes fate is like a small sandstorm that keeps changing directions. You change direction but the sandstorm chases you. You turn again~ but the storm adjusts. Over and over you play this out~ like some ominous dance with death just before dawn. Why? Because this storm isn’t something that blew in from far away~ something that has nothing to do with you. This storm is you. Something inside of you. ,ac71c663652185F,31:03:2019,22:25,F,941173,0
97,Trinidad,Trinidad,21,In my younger and more vulnerable years my father gave me some advice that I've been turning over in my mind ever since. Whenever you feel like criticizing anyone~ he told me~ just remember that all the people in this world haven't had the advantages that you've had.,838663cab71c207M,0.0678125,20:40,M,630359,37.376
98,Trinidad,Trinidad,21,Sometimes fate is like a small sandstorm that keeps changing directions. You change direction but the sandstorm chases you. You turn again~ but the storm adjusts. Over and over you play this out~ like some ominous dance with death just before dawn. Why? Because this storm isn’t something that blew in from far away~ something that has nothing to do with you. This storm is you. Something inside of you. ,5803c5444c41686M,0.0678125,20:43,M,183524,0
99,Tobago,Trinidad,,Sometimes fate is like a small sandstorm that keeps changing directions. You change direction but the sandstorm chases you. You turn again~ but the storm adjusts. Over and over you play this out~ like some ominous dance with death just before dawn. Why? Because this storm isn’t something that blew in from far away~ something that has nothing to do with you. This storm is you. Something inside of you. ,328257206217b16F,0.0678125,21:40,F,724485,0
100,Bahamas,Trinidad,24,In my younger and more vulnerable years my father gave me some advice that I've been turning over in my mind ever since. Whenever you feel like criticizing anyone~ he told me~ just remember that all the people in this world haven't had the advantages that you've had.,56a3c80b0749c43F,0.0678125,22:07,F,281173,0
101,Tobago,Tobago,,I am an invisible man. No~ I am not a spook like those who haunted Edgar  Allan Poe; nor am I one of your Hollywood-movie ectoplasms. I am a man  of substance~ of flesh and bone~ fiber and liquids—and I might even be  said to possess a mind. I am invisible~ understand~ simply because  people refuse to see me. ,26a13805a514044F,0.109479167,0:54,F,244403,0
102,Trinidad,Trinidad,22,I don't know what effect my accusers have had on you~ men of Athens~ but I can tell you they almost made even me forget where I was~ so convincingly did they speak.But when it comes to the truth~ they've said virtually northing.,87192b921c8ab57F,0.109479167,3:51,F,165963,0
103,Antigua & Barbuda,Antigua & Barbuda,,I am an invisible man. No~ I am not a spook like those who haunted Edgar  Allan Poe; nor am I one of your Hollywood-movie ectoplasms. I am a man  of substance~ of flesh and bone~ fiber and liquids—and I might even be  said to possess a mind. I am invisible~ understand~ simply because  people refuse to see me. ,c14572bc9209b47F,0.151145833,3:52,F,642705,0
104,Bahamas,Barbados,40,If you want to reach to Port of Spain~ go on a maxi and dont come off until the last stopping point~it will carry you to City gate.,7604c275309cb4a3F,0.359479167,13:44,F,534814,0
105,Bahamas,Barbados,20,In my younger and more vulnerable years my father gave me some advice that I've been turning over in my mind ever since. Whenever you feel like criticizing anyone~ he told me~ just remember that all the people in this world haven't had the advantages that you've had.,626450341a28653F,0.359479167,14:05,F,962461,0
106,Bahamas,Barbados,,Sometimes fate is like a small sandstorm that keeps changing directions. You change direction but the sandstorm chases you. You turn again~ but the storm adjusts. Over and over you play this out~ like some ominous dance with death just before dawn. Why? Because this storm isn’t something that blew in from far away~ something that has nothing to do with you. This storm is you. Something inside of you. ,197543817448ca4F,0.359479167,14:12,F,278815,0
107,Bahamas,Barbados,21,I don't know what effect my accusers have had on you~ men of Athens~ but I can tell you they almost made even me forget where I was~ so convincingly did they speak.But when it comes to the truth~ they've said virtually northing.,99984700b08b47F,0.359479167,14:21,F,420583,0
108,Bahamas,Barbados,18,I am an invisible man. No~ I am not a spook like those who haunted Edgar  Allan Poe; nor am I one of your Hollywood-movie ectoplasms. I am a man  of substance~ of flesh and bone~ fiber and liquids—and I might even be  said to possess a mind. I am invisible~ understand~ simply because  people refuse to see me. ,418745cb5885962F,0.359479167,14:37,F,958690,0
109,Bahamas,Barbados,18,I don't know what effect my accusers have had on you~ men of Athens~ but I can tell you they almost made even me forget where I was~ so convincingly did they speak.But when it comes to the truth~ they've said virtually northing.,64a63178b1211a3F,0.359479167,14:48,F,766007,0
110,Barbados,Tobago,40+,Sometimes fate is like a small sandstorm that keeps changing directions. You change direction but the sandstorm chases you. You turn again~ but the storm adjusts. Over and over you play this out~ like some ominous dance with death just before dawn. Why? Because this storm isn’t something that blew in from far away~ something that has nothing to do with you. This storm is you. Something inside of you. ,7a50545b65847c3F,0.359479167,19:01,F,935716,24.32
111,Tobago,Tobago,,But bigger than them all was the house~ his house.How terrible it would have been~ at this time~ to be without it: to have lived and died among the Tulsis~ amid the squalor of that large~ disintegrating and indifferent family; to have left Shama and the children among them~ in one room; worse~ to have lived without even attempting to lay claim to one’s portion of the earth; ,5b2279115670912F,0.359479167,19:35,F,869974,27.392
112,Tobago,Tobago,,In my younger and more vulnerable years my father gave me some advice that I've been turning over in my mind ever since. Whenever you feel like criticizing anyone~ he told me~ just remember that all the people in this world haven't had the advantages that you've had.,b60036009715988M,0.359479167,19:53,M,423995,27.05066667
113,Tobago,Tobago,23,There is an idea of a Patrick Bateman~ some kind of abstraction~ but there is no real me~ only an entity~ something illusory~ and though I can hide my cold gaze and you can shake my hand and feel flesh gripping yours and maybe you can even sense our lifestyles are probably comparable: I simply am not there.,010bb6bc0376a079F,0.401145833,19:08,F,778055,24.66133333
114,Jamaica,Jamaica,21,Have you ever been bitten by an elephant? How about a mosquito?. It is the little things in life that will bite you. Occasionally~ we see big mistakes threaten to destroy a career or reputation in an instant.,62cc557a16b51a2M,0.401145833,19:14,M,433049,0
115,Barbados,Barbados,,I am an invisible man. No~ I am not a spook like those who haunted Edgar  Allan Poe; nor am I one of your Hollywood-movie ectoplasms. I am a man  of substance~ of flesh and bone~ fiber and liquids—and I might even be  said to possess a mind. I am invisible~ understand~ simply because  people refuse to see me. ,c7961b9930a22a9F,0.401145833,19:27,F,94612,24.52027211
116,Barbados,Barbados,37,If you want to reach to Port of Spain~ go on a maxi and dont come off until the last stopping point~it will carry you to City gate.,007c0b8b330305628F,0.401145833,20:53,F,81454,0
117,Trinidad,Trinidad,29,I don't know what effect my accusers have had on you~ men of Athens~ but I can tell you they almost made even me forget where I was~ so convincingly did they speak.But when it comes to the truth~ they've said virtually northing.,86512c6b0635ab5F,0.401145833,22:03,F,279003,38.4
118,Trinidad,Trinidad,20,In my younger and more vulnerable years my father gave me some advice that I've been turning over in my mind ever since. Whenever you feel like criticizing anyone~ he told me~ just remember that all the people in this world haven't had the advantages that you've had.,572a88b8816c744M,0.401145833,22:28,M,759367,0
119,Grenada,Grenada,26,Sometimes fate is like a small sandstorm that keeps changing directions. You change direction but the sandstorm chases you. You turn again~ but the storm adjusts. Over and over you play this out~ like some ominous dance with death just before dawn. Why? Because this storm isn’t something that blew in from far away~ something that has nothing to do with you. This storm is you. Something inside of you. ,1cb0069cbb24b23F,0.401145833,23:32,F,720941,0
120,St. Lucia,St. Lucia,33,Have you ever been bitten by an elephant? How about a mosquito?. It is the little things in life that will bite you. Occasionally~ we see big mistakes threaten to destroy a career or reputation in an instant.,b8b88841b7a647F,0.401145833,23:51,F,896328,31.488
121,Grenada,Grenada,26,But bigger than them all was the house~ his house.How terrible it would have been~ at this time~ to be without it: to have lived and died among the Tulsis~ amid the squalor of that large~ disintegrating and indifferent family; to have left Shama and the children among them~ in one room; worse~ to have lived without even attempting to lay claim to one’s portion of the earth; ,2501b7422a052b6M,0.401145833,23:52,M,42518,0
122,Grenada,Grenada,26,I don't know what effect my accusers have had on you~ men of Athens~ but I can tell you they almost made even me forget where I was~ so convincingly did they speak.But when it comes to the truth~ they've said virtually northing.,a5c873686a8639M,0.4428125,0:00,M,700780,0
123,Antigua & Barbuda,Grenada,,I am an invisible man. No~ I am not a spook like those who haunted Edgar  Allan Poe; nor am I one of your Hollywood-movie ectoplasms. I am a man  of substance~ of flesh and bone~ fiber and liquids—and I might even be  said to possess a mind. I am invisible~ understand~ simply because  people refuse to see me. ,82095028082186F,0.4428125,1:42,F,260669,0
124,Tobago,Trinidad,25,But bigger than them all was the house~ his house.How terrible it would have been~ at this time~ to be without it: to have lived and died among the Tulsis~ amid the squalor of that large~ disintegrating and indifferent family; to have left Shama and the children among them~ in one room; worse~ to have lived without even attempting to lay claim to one’s portion of the earth; ,07c75a999527b07aM,0.4428125,2:45,M,881399,26.02666667
125,Grenada,Grenada,,There is an idea of a Patrick Bateman~ some kind of abstraction~ but there is no real me~ only an entity~ something illusory~ and though I can hide my cold gaze and you can shake my hand and feel flesh gripping yours and maybe you can even sense our lifestyles are probably comparable: I simply am not there.,20971c090851bcaF,0.4428125,9:50,F,415734,0
126,St. Lucia,St. Lucia,,I don't know what effect my accusers have had on you~ men of Athens~ but I can tell you they almost made even me forget where I was~ so convincingly did they speak.But when it comes to the truth~ they've said virtually northing.,625b192a49b416M,0.4428125,10:08,M,266478,29.35466667
127,Grenada,Grenada,24,I don't know what effect my accusers have had on you~ men of Athens~ but I can tell you they almost made even me forget where I was~ so convincingly did they speak.But when it comes to the truth~ they've said virtually northing.,802499204007bbF,0.4428125,11:49,F,256108,0
128,United States Virgin Islands,St. Lucia,23,In my younger and more vulnerable years my father gave me some advice that I've been turning over in my mind ever since. Whenever you feel like criticizing anyone~ he told me~ just remember that all the people in this world haven't had the advantages that you've had.,c20a2a70367804M,0.4428125,13:59,M,902692,0
129,Trinidad,Trinidad,18,Have you ever been bitten by an elephant? How about a mosquito?. It is the little things in life that will bite you. Occasionally~ we see big mistakes threaten to destroy a career or reputation in an instant.,a62ac4ba5794706F,0.4428125,14:08,F,461481,0
130,Trinidad,Trinidad,19,Granted: I am an inmate of a mental hospital; my keeper is watching me~ he never lets me out of his sight; there’s a peephole in the door~ and my keeper’s eye is the shade of brown that can never see through a blue-eyed type like me.,3a7184b3a7c60b9F,0.4428125,14:21,F,904136,0
131,Barbados,Barbados,33,Granted: I am an inmate of a mental hospital; my keeper is watching me~ he never lets me out of his sight; there’s a peephole in the door~ and my keeper’s eye is the shade of brown that can never see through a blue-eyed type like me.,77372c8933a0a6M,0.4428125,14:35,M,985866,27.73333333
132,Tobago,Tobago,56,Granted: I am an inmate of a mental hospital; my keeper is watching me~ he never lets me out of his sight; there’s a peephole in the door~ and my keeper’s eye is the shade of brown that can never see through a blue-eyed type like me.,4755675332687bF,0.4428125,14:47,F,821828,31.488
133,Jamaica,Jamaica,23,Sometimes fate is like a small sandstorm that keeps changing directions. You change direction but the sandstorm chases you. You turn again~ but the storm adjusts. Over and over you play this out~ like some ominous dance with death just before dawn. Why? Because this storm isn’t something that blew in from far away~ something that has nothing to do with you. This storm is you. Something inside of you. ,278681b0067701M,0.4428125,15:27,M,853194,0
134,Grenada,Grenada,,But bigger than them all was the house~ his house.How terrible it would have been~ at this time~ to be without it: to have lived and died among the Tulsis~ amid the squalor of that large~ disintegrating and indifferent family; to have left Shama and the children among them~ in one room; worse~ to have lived without even attempting to lay claim to one’s portion of the earth; ,8ba6118a0cbb379F,0.4428125,19:15,F,711964,0
135,Tobago,Tobago,,Granted: I am an inmate of a mental hospital; my keeper is watching me~ he never lets me out of his sight; there’s a peephole in the door~ and my keeper’s eye is the shade of brown that can never see through a blue-eyed type like me.,68b9bb24cc33408F,0.4428125,19:42,F,780638,0
136,Tobago,Tobago,,Have you ever been bitten by an elephant? How about a mosquito?. It is the little things in life that will bite you. Occasionally~ we see big mistakes threaten to destroy a career or reputation in an instant.,c32cba0979aac5F,0.4428125,19:51,F,980643,27.98933333
137,Tobago,Tobago,,Granted: I am an inmate of a mental hospital; my keeper is watching me~ he never lets me out of his sight; there’s a peephole in the door~ and my keeper’s eye is the shade of brown that can never see through a blue-eyed type like me.,b5285233c89051F,0.4428125,19:55,F,830321,31.91466667
138,Trinidad,Trinidad,18,There is an idea of a Patrick Bateman~ some kind of abstraction~ but there is no real me~ only an entity~ something illusory~ and though I can hide my cold gaze and you can shake my hand and feel flesh gripping yours and maybe you can even sense our lifestyles are probably comparable: I simply am not there.,276b580121accc7F,0.4428125,19:55,F,537241,0
139,St. Lucia,St. Lucia,20,Have you ever been bitten by an elephant? How about a mosquito?. It is the little things in life that will bite you. Occasionally~ we see big mistakes threaten to destroy a career or reputation in an instant.,959c03bb6b32c47F,0.4428125,19:56,F,604909,25.17333333
140,Dominica,Barbados,22,There is an idea of a Patrick Bateman~ some kind of abstraction~ but there is no real me~ only an entity~ something illusory~ and though I can hide my cold gaze and you can shake my hand and feel flesh gripping yours and maybe you can even sense our lifestyles are probably comparable: I simply am not there.,a71335792871a6M,0.4428125,20:03,M,693363,0
141,St. Lucia,St. Lucia,22,Sometimes fate is like a small sandstorm that keeps changing directions. You change direction but the sandstorm chases you. You turn again~ but the storm adjusts. Over and over you play this out~ like some ominous dance with death just before dawn. Why? Because this storm isn’t something that blew in from far away~ something that has nothing to do with you. This storm is you. Something inside of you. ,68577017b80239M,0.4428125,21:22,M,733712,24.14933333
142,St. Lucia,St. Lucia,,But bigger than them all was the house~ his house.How terrible it would have been~ at this time~ to be without it: to have lived and died among the Tulsis~ amid the squalor of that large~ disintegrating and indifferent family; to have left Shama and the children among them~ in one room; worse~ to have lived without even attempting to lay claim to one’s portion of the earth; ,36c740aa2a6381F,0.484479167,0:03,F,462157,24.66133333
143,St. Lucia,St. Lucia,39,But bigger than them all was the house~ his house.How terrible it would have been~ at this time~ to be without it: to have lived and died among the Tulsis~ amid the squalor of that large~ disintegrating and indifferent family; to have left Shama and the children among them~ in one room; worse~ to have lived without even attempting to lay claim to one’s portion of the earth; ,26c18c197737ac3F,0.484479167,0:12,F,518823,26.624
144,Trinidad,Trinidad,,Have you ever been bitten by an elephant? How about a mosquito?. It is the little things in life that will bite you. Occasionally~ we see big mistakes threaten to destroy a career or reputation in an instant.,0b76a03cb9270c8F,0.484479167,0:34,F,281250,36.352
145,Trinidad,Trinidad,,Have you ever been bitten by an elephant? How about a mosquito?. It is the little things in life that will bite you. Occasionally~ we see big mistakes threaten to destroy a career or reputation in an instant.,a063736b5a4542F,0.484479167,3:35,F,882136,0
146,St. Lucia,St. Lucia,22,Sometimes fate is like a small sandstorm that keeps changing directions. You change direction but the sandstorm chases you. You turn again~ but the storm adjusts. Over and over you play this out~ like some ominous dance with death just before dawn. Why? Because this storm isn’t something that blew in from far away~ something that has nothing to do with you. This storm is you. Something inside of you. ,556a4461675066aM,0.484479167,10:09,M,177986,30.72
147,Trinidad,Trinidad,27,Granted: I am an inmate of a mental hospital; my keeper is watching me~ he never lets me out of his sight; there’s a peephole in the door~ and my keeper’s eye is the shade of brown that can never see through a blue-eyed type like me.,1921ab9b9262b7F,0.484479167,10:49,F,385262,0
148,Barbados,Barbados,19,But bigger than them all was the house~ his house.How terrible it would have been~ at this time~ to be without it: to have lived and died among the Tulsis~ amid the squalor of that large~ disintegrating and indifferent family; to have left Shama and the children among them~ in one room; worse~ to have lived without even attempting to lay claim to one’s portion of the earth; ,48a014c12351b04M,0.484479167,11:37,M,95679,33.62133333
149,Grenada,Grenada,23,“Everything has beauty~ but not everyone sees it.” ,a59954355a47765M,0.484479167,12:25,M,798439,0
150,St. Lucia,St. Lucia,16,I invented a new word Plagiarism!,313040c8bc66c4M,0.484479167,13:18,M,11920,0
151,Trinidad,Trinidad,31,“To be wealthy and honored in an unjust society is a disgrace.” ,24a0701492480c2F,0.484479167,14:27,F,970061,0
152,Trinidad,Trinidad,23,What do you call a fake noodle? An impasta!,5360b905407cc99F,0.484479167,16:33,F,810342,32.34133333
153,Trinidad,Trinidad,23,The numbers 19 and 20 got into a fight. 21,b9c23496141738aF,0.484479167,16:35,F,331982,0
154,Barbados,Guyana,,I just wrote a book on reverse psychology. Do *not* read it!,1b714ac84906728F,0.484479167,17:11,F,520486,32.17066667
155,Jamaica,Trinidad,21,I recently decided to sell my vacuum cleaner as all it was doing was gathering dust.,b5a17c3376b8c1F,0.484479167,17:37,F,646838,0
156,Trinidad,Trinidad,,My boss told me to have a good day.. so I went home.,9768b05c2b9541F,0.484479167,18:11,F,371789,0
157,Trinidad,Trinidad,22,I’ve just written a song about tortillas; actually~ it’s more of a rap.,6a84a42a9a8562M,0.484479167,18:12,M,837201,30.464
158,Trinidad,Trinidad,,So what if I don’t know what “Armageddon” means? It’s not the end of the world.,54b92821523c767F,0.484479167,18:14,F,350376,0
159,St. Lucia,St. Lucia,27,Heard about the new restaurant called Karma? There's no menu: You get what you deserve.,33979b29c57467F,0.484479167,18:28,F,698089,29.35466667
160,Barbados,Barbados,,Have you ever been bitten by an elephant? How about a mosquito?. It is the little things in life that will bite you. Occasionally~ we see big mistakes threaten to destroy a career or reputation in an instant.,a486b379540226F,0.484479167,18:31,F,279500,32
161,Guyana,Trinidad,,“Never give a sword to a man who can't dance.” ,2ac062123701b55F,0.484479167,18:33,F,408941,0
162,Barbados,Barbados,,“To be wronged is nothing~ unless you continue to remember it.” ,32126123006b12aF,0.484479167,18:35,F,152379,0
163,Trinidad,Trinidad,,Don’t you hate it when someone answers their own questions? I do.,0b4a0614b377252F,0.484479167,18:39,F,96352,0
164,St. Lucia,Trinidad,,What did one hat say to the other? You stay here. I’ll go on ahead.,50413c622b6b477F,0.484479167,18:43,F,818667,28.58666667
165,Barbados,Trinidad,,Why was the cook arrested? He was caught beating an egg.,48674695069c426M,0.484479167,18:55,M,47085,28.416
166,Grenada,Trinidad,,“The gem cannot be polished without friction~ nor man perfected without trials.” ,97c5b2452892309M,0.484479167,18:58,M,613588,0
167,Grenada,Trinidad,,I invented a new word Plagiarism!,8609056972611aF,0.484479167,18:59,F,269863,0
168,St. Lucia,St. Lucia,,Dreams are nothing without implementation.,c3a838a4a35c8aaF,0.484479167,19:07,F,680703,0
169,Barbados,Trinidad,,“Everything has beauty~ but not everyone sees it.” ,3217328b2ac5018M,0.484479167,19:09,M,262571,33.45066667
170,St. Vincent and the Grenadines,Trinidad,,Heard about the new restaurant called Karma? There's no menu: You get what you deserve.,b62b031988657c5F,0.484479167,19:30,F,947474,0
171,St. Lucia,Trinidad,,It is the mark of an educated mind to be able to entertain a thought without accepting it.,cab900285183879F,0.484479167,19:31,F,550759,0
172,St. Vincent and the Grenadines,Trinidad,21,Dreams are nothing without implementation.,64aa99cac596b84M,0.484479167,19:41,M,605933,0
173,Tobago,Trinidad,,What did one hat say to the other? You stay here. I’ll go on ahead.,969a34699b38bc7F,0.484479167,19:43,F,890943,26.02666667
174,Barbados,Barbados,,“The man who moves a mountain begins by carrying away small stones.” ,58b3325611300a4F,0.484479167,19:49,F,938555,28.9785034
175,Trinidad,Barbados,,Today I will do my best~ said Tomorrow.,6292528c97b4518F,0.484479167,19:52,F,77435,0
176,Tobago,Tobago,,Heard about the new restaurant called Karma? There's no menu: You get what you deserve.,732888c0763c4aM,0.484479167,19:53,M,402058,0
177,Tobago,Tobago,,“Respect yourself and others will respect you.”,aa152517102c76F,0.484479167,20:01,F,227993,27.98933333
178,Tobago,Tobago,,“He who knows all the answers has not been asked all the questions.”,aa333531c8a3058M,0.484479167,20:05,M,363640,29.01333333
179,Trinidad,Tobago,,Don’t you hate it when someone answers their own questions? I do.,5b815222c9a4536F,0.484479167,20:13,F,503769,32.68266667
180,Tobago,Grenada,26,“The gem cannot be polished without friction~ nor man perfected without trials.” ,c9b9b9c70c77287F,0.484479167,20:26,F,699736,29.09866667
181,Tobago,Grenada,,Toady is a lovely day.,8a77891aaa5c0b5F,0.484479167,20:32,F,295191,23.21066667
182,Tobago,Tobago,,What did one hat say to the other? You stay here. I’ll go on ahead.,7096b4586c69a48M,0.484479167,22:26,M,878742,0
183,Grenada,St. Vincent and the Grenadines,,Dreams are nothing without implementation.,67b5151c20170b7F,0.484479167,22:59,F,529099,0
184,Jamaica,Trinidad,21,How to throw a party in space? You planet!,b3b5a69a4b9793F,0.484479167,23:08,F,259063,0
185,Grenada,St. Vincent and the Grenadines,,“The Man who says he can~ and the man who says he can not.. Are both correct”,14cc140a344b1497M,0.484479167,23:17,M,464039,0
186,Trinidad,Trinidad,18,I invented a new word Plagiarism!,a197b575763366M,0.526145833,0:06,M,156112,32.17066667
187,Barbados,Canada,22,I invented a new word Plagiarism!,09b18a02b306b185F,0.526145833,0:09,F,623601,25.68533333
188,Barbados,Barbados,,My boss told me to have a good day.. so I went home.,aa7c9743099114M,0.526145833,1:51,M,331548,22.784
189,Trinidad,Trinidad,25,Why was the cook arrested? He was caught beating an egg.,606979a865b28b2M,0.526145833,3:29,M,468928,0
190,Barbados,Barbados,15,Today I will do my best~ said Tomorrow.,0a0b03995b995aaM,0.526145833,4:44,M,435228,29.35466667
191,Trinidad,Trinidad,,Dreams are nothing without implementation.,37549366806a6aF,0.526145833,6:50,F,614344,0
192,Barbados,Barbados,,What do you call a fake noodle? An impasta!,b41264a32623c47F,0.526145833,11:01,F,438105,0
193,Barbados,Barbados,29,I just wrote a book on reverse psychology. Do *not* read it!,77bc4462b345939F,0.526145833,12:12,F,812556,23.63733333
194,Trinidad,Trinidad,22,Did you hear about the guy who invented the knock knock joke? He won the “no-bell” prize.,0cacccb51a8a9baF,0.526145833,14:25,F,343814,0
195,Trinidad,Trinidad,,I invented a new word Plagiarism!,3c4c6a1a43c98c4M,0.526145833,16:17,M,561107,0
196,Jamaica,Jamaica,,If we shouldn’t eat at night~ why do they put a light in the fridge?,38723cb01569028F,0.526145833,16:53,F,837644,0
197,Trinidad,Trinidad,,What kind of tea is hard to swallow? Reality.,3c004733a503668F,0.526145833,17:32,F,222079,0
198,Tobago,Tobago,,You may say I'm a dreamer. But I'm not the only one.,852ab977c2944a7F,0.526145833,18:08,F,684313,31.488
199,Tobago,Tobago,,A blind man walks into a bar. And a table. And a chair.,37c0a9a2c609705F,0.526145833,18:13,F,544288,0
200,Tobago,Tobago,,Dreams are nothing without implementation.,39b462a762a9246F,0.526145833,18:18,F,152723,0
201,Tobago,Tobago,,“The Man who says he can~ and the man who says he can not.. Are both correct”,4c009ccb03357caM,0.526145833,18:22,M,49302,0
202,Tobago,Tobago,,You are beautiful~ no matter what they say.,50399c34589421bF,0.526145833,18:25,F,859105,0
203,St. Lucia,St. Lucia,16,What kind of tea is hard to swallow? Reality.,8391198ab424999F,0.526145833,18:33,F,728269,0
204,Barbados,Barbados,33,Did you hear about the semi-colon that broke the law? He was given two consecutive sentences.,909c246557c918aF,0.526145833,23:13,F,769828,23.89333333
205,St. Lucia,St. Lucia,17,“To be wronged is nothing~ unless you continue to remember it.” ,1a190a114115562F,0.526145833,23:34,F,861911,28.51410431
206,Trinidad,Trinidad,,Today I will do my best~ said Tomorrow.,a3a68c0c242a656F,0.5678125,0:05,F,487019,0
207,Dominica,Grenada,,We are what we repeatedly do. Excellence~ then~ is not an act~ but a habit.,220a761202b95c3F,0.5678125,0:52,F,243227,0
208,St. Lucia,St. Lucia,,What do you call a fake noodle? An impasta!,4bbb34b1c3b10bF,0.5678125,0:53,F,125434,32.512
209,Trinidad,Trinidad,19,Don’t you hate it when someone answers their own questions? I do.,00896a334b490301M,0.5678125,1:12,M,552555,0
210,Bahamas,Grenada,24,A blind man walks into a bar. And a table. And a chair.,c083ac0ba8044bF,0.5678125,1:20,F,179836,0
211,Trinidad,Trinidad,,It is the mark of an educated mind to be able to entertain a thought without accepting it.,b461318c475625F,0.5678125,1:43,F,607281,44.8
212,Grenada,Trinidad,,Did you hear about the semi-colon that broke the law? He was given two consecutive sentences.,c739307cb9b125F,0.5678125,3:37,F,110578,0
213,Jamaica,Jamaica,,Toady is a lovely day.,04814b8c7b19a6aaF,0.5678125,4:41,F,225369,0
214,Trinidad,Trinidad,14,“Everything has beauty~ but not everyone sees it.” ,715a3553212c615F,0.5678125,6:21,F,838757,39.68
215,Barbados,Barbados,,“Never give a sword to a man who can't dance.” ,1087c67c518ababM,0.5678125,8:30,M,750740,32.85333333
216,Trinidad,Trinidad,26,Did you hear about the semi-colon that broke the law? He was given two consecutive sentences.,9664b65859ba498F,0.5678125,14:14,F,324927,0
217,St. Lucia,United States,27,It is the mark of an educated mind to be able to entertain a thought without accepting it.,16047aa2bc28659M,0.5678125,16:02,M,803056,38.656
218,Barbados,Barbados,19,“It does not matter how slowly you go as long as you do not stop.”,44a46915c76c128M,0.5678125,16:20,M,707265,0
219,Barbados,Barbados,27,Dreams are nothing without implementation.,755b20970ca181F,0.5678125,19:16,F,190387,23.552
220,Barbados,Trinidad,21,“To be wealthy and honored in an unjust society is a disgrace.” ,c2a2490c60c25b5M,0.5678125,21:00,M,788846,26.79466667
221,St. Lucia,St. Lucia,17,How to throw a party in space? You planet!,21ac4a7513a7b2cF,0.5678125,23:38,F,344373,24.74666667
222,St. Lucia,St. Lucia,20,It is the mark of an educated mind to be able to entertain a thought without accepting it.,09860a588aa55c98F,0.609479167,0:13,F,159381,23.97866667
223,Trinidad,Trinidad,24,I just wrote a book on reverse psychology. Do *not* read it!,c594268a96a337M,0.609479167,0:23,M,596501,0
224,Trinidad,Trinidad,23,I recently decided to sell my vacuum cleaner as all it was doing was gathering dust.,2720845615bc423M,0.609479167,0:25,M,837064,0
225,Barbados,Belize,,“To be wronged is nothing~ unless you continue to remember it.” ,4045b54693606bbF,0.609479167,0:26,F,210203,0
226,Trinidad,Trinidad,,Today I will do my best~ said Tomorrow.,a52ba28293776aaF,0.609479167,0:38,F,341026,30.89066667
227,St. Vincent and the Grenadines,St. Vincent and the Grenadines,,The numbers 19 and 20 got into a fight. 21,a7453191b52a266F,0.609479167,1:55,F,774642,0
228,Grenada,Grenada,24,“Everything has beauty~ but not everyone sees it.” ,8306cc947c75a4F,0.609479167,2:27,F,470959,0
229,St. Vincent and the Grenadines,St. Vincent and the Grenadines,28,You may say I'm a dreamer. But I'm not the only one.,a120065a382822M,0.609479167,4:53,M,370239,0
230,St. Lucia,St. Lucia,25,I work hard now so in the future I can relax,83a439b233ac31F,0.609479167,5:47,F,323607,30.29333333
231,St. Vincent and the Grenadines,St. Vincent and the Grenadines,,“What the superior man seeks is in himself; what the small man seeks is in others.” ,1317ca158ba36c06M,0.609479167,10:45,M,289579,0
232,St. Vincent and the Grenadines,St. Vincent and the Grenadines,,It is the mark of an educated mind to be able to entertain a thought without accepting it.,012665185c4b395a9M,0.609479167,13:20,M,922258,0
233,Tobago,Trinidad,,I invented a new word Plagiarism!,bc4c525a5363b67M,0.609479167,13:39,M,906231,28.58666667
234,St. Vincent and the Grenadines,St. Vincent and the Grenadines,,I just wrote a book on reverse psychology. Do *not* read it!,a6078bbab92527F,0.609479167,14:56,F,520891,0
235,St. Vincent and the Grenadines,St. Vincent and the Grenadines,16,I recently decided to sell my vacuum cleaner as all it was doing was gathering dust.,696867401c9cc7F,0.609479167,15:20,F,329007,0
236,Trinidad,Trinidad,18,You are beautiful~ no matter what they say.,93a5128025934aM,0.609479167,16:22,M,364924,0
237,St. Vincent and the Grenadines,Grenada,31,I’ve just written a song about tortillas; actually~ it’s more of a rap.,23693492b8c8821F,0.609479167,17:54,F,910216,0
238,Trinidad,Trinidad,17,The numbers 19 and 20 got into a fight. 21,32362bb22c50515F,0.609479167,18:15,F,411808,0
239,Grenada,Grenada,,Today is a lovely day.,4a259bab293607F,0.609479167,18:58,F,152315,0
240,St. Vincent and the Grenadines,St. Vincent and the Grenadines,,“The man who moves a mountain begins by carrying away small stones.” ,49428044160c54aF,0.609479167,19:26,F,807291,0
241,Jamaica,Jamaica,,I just wrote a book on reverse psychology. Do *not* read it!,51051a26b52b77M,0.609479167,20:10,M,470908,0
242,Trinidad,Trinidad,,Dreams are nothing without implementation.,b93a36a64c00b8F,0.609479167,20:45,F,874403,0
243,Barbados,Barbados,,It is the mark of an educated mind to be able to entertain a thought without accepting it.,6947287258c5907M,0.609479167,21:06,M,306747,0
244,St. Vincent and the Grenadines,St. Vincent and the Grenadines,,“It does not matter how slowly you go as long as you do not stop.”,a15c7189bc8312F,0.609479167,23:09,F,277238,0
245,Trinidad,Trinidad,17,What did 0 say to 8? Nice belt!,25c45c957487796F,0.651145833,1:07,F,481492,0
246,Barbados,Barbados,,“What the superior man seeks is in himself; what the small man seeks is in others.” ,a99562175926259M,0.651145833,6:49,M,826787,0
247,Trinidad,Trinidad,,I just wrote a book on reverse psychology. Do *not* read it!,70c10812a0c50caF,0.651145833,10:17,F,557048,31.91466667
248,Grenada,Grenada,21,“Never give a sword to a man who can't dance.” ,335a3189b690862M,0.651145833,10:28,M,732299,0
249,Dominica,Jamaica,,“The gem cannot be polished without friction~ nor man perfected without trials.” ,a95075a34b22c24M,0.651145833,13:32,M,771061,0
250,Trinidad,Trinidad,,Today I will do my best~ said Tomorrow.,2605868b2710a88F,0.651145833,15:50,F,462311,0
251,St. Martin,Turks & Caicos Islands,,I’ve just written a song about tortillas; actually~ it’s more of a rap.,5911a5b846b3a9bF,0.651145833,17:57,F,149134,0
252,Belize,Canada,,Heard about the new restaurant called Karma? There's no menu: You get what you deserve.,bcbc5708615c13M,0.651145833,18:04,M,230263,0
253,Trinidad,Trinidad,24,If we shouldn’t eat at night~ why do they put a light in the fridge?,822775a005b411M,0.651145833,20:55,M,780405,0
254,Trinidad,Trinidad,,Did you hear about the guy who invented the knock knock joke? He won the “no-bell” prize.,278b06b157796c1F,0.651145833,21:26,F,987476,0
255,Grenada,Grenada,,I invented a new word Plagiarism!,1897094a2ccab48F,0.651145833,21:38,F,847525,0
256,Jamaica,Trinidad,26,“The gem cannot be polished without friction~ nor man perfected without trials.” ,a756aa25c8189F,0.651145833,21:43,F,521605,0
257,Trinidad,Trinidad,,Why was the cook arrested? He was caught beating an egg.,7b4904b25803214F,0.651145833,23:03,F,440639,31.232
258,Trinidad,Trinidad,,What did 0 say to 8? Nice belt!,1aa734663589039M,0.6928125,0:54,M,546834,0
259,St. Vincent and the Grenadines,United Kingdom,31,“Everything has beauty~ but not everyone sees it.” ,43c712cc7c80c4M,0.734479167,23:26,M,621665,0
260,Trinidad,Trinidad,,You may say I'm a dreamer. But I'm not the only one.,ca154b0145682aF,0.8178125,10:34,F,762677,30.29333333
261,Barbados,Barbados,23,You are beautiful~ no matter what they say.,bc5bb2a5b2387aM,0.859479167,23:40,M,370201,0
262,Trinidad,Grenada,18,Did you hear about the guy who invented the knock knock joke? He won the “no-bell” prize.,06711bb2957c3544F,0.901145833,0:44,F,689235,0
263,Trinidad,United States,16,Did you hear about the guy who invented the knock knock joke? He won the “no-bell” prize.,a1c56511a45035F,0.901145833,1:11,F,351678,30.03733333
264,Trinidad,St. Vincent and the Grenadines,,Did you hear about the semi-colon that broke the law? He was given two consecutive sentences.,988b0b5649038b8F,0.901145833,1:59,F,672029,0
265,Guyana,Trinidad,22,“Everything has beauty~ but not everyone sees it.” ,04b4a5b5427a18caM,0.901145833,3:44,M,764308,0
266,St. Vincent and the Grenadines,St. Vincent and the Grenadines,18,Today I will do my best~ said Tomorrow.,95ca4599645000aM,0.901145833,5:13,M,88546,0
267,St. Vincent and the Grenadines,St. Vincent and the Grenadines,18,If I got 50 cents for every failed math exam~ I’d have $ 6.30 now.,531c2ac249a7265M,0.901145833,5:20,M,277192,0
268,Grenada,Grenada,,“Respect yourself and others will respect you.”,ac1346506293698F,0.901145833,12:18,F,584014,0
269,Grenada,Grenada,,“He who knows all the answers has not been asked all the questions.”,59ca625807a719F,0.901145833,13:06,F,419819,0
270,Barbados,Barbados,,I work hard now so in the future I can relax,ca08aaa6078728F,0.901145833,13:26,F,840281,0
271,St. Vincent and the Grenadines,St. Vincent and the Grenadines,17,Why was the cook arrested? He was caught beating an egg.,600b79b3a1a4429F,0.901145833,14:26,F,376869,0
272,Trinidad,Trinidad,18,“Respect yourself and others will respect you.”,92285bb3a43823F,0.901145833,16:29,F,194930,0
273,Trinidad,Trinidad,,What did one hat say to the other? You stay here. I’ll go on ahead.,0577622276a23c5aM,0.901145833,16:35,M,693362,0
274,Tobago,Trinidad,23,“Never give a sword to a man who can't dance.” ,b5abc742c3cbac9M,0.901145833,17:15,M,6099,28.04970522
275,Tobago,Tobago,16,If we shouldn’t eat at night~ why do they put a light in the fridge?,7c1ca51810ac37aF,0.901145833,19:06,F,765752,25.344
276,St. Vincent and the Grenadines,St. Vincent and the Grenadines,25,What do you call a fake noodle? An impasta!,121a33687c3a5048M,0.901145833,22:10,M,748238,0
277,Barbados,Barbados,,We are what we repeatedly do. Excellence~ then~ is not an act~ but a habit.,969507510912b84F,0.901145833,23:35,F,172755,28.16
278,Dominican Republic,Jamaica,42,A blind man walks into a bar. And a table. And a chair.,710b134329bcb77M,0.901145833,23:52,M,520722,0
279,St. Martin,British Virgin Islands,,If I got 50 cents for every failed math exam~ I’d have $ 6.30 now.,2440870274a3b87F,0.901145833,23:53,F,727579,0
280,Barbados,Barbados,,We all have 24 hours in the day~ let's not waste it,4ca073025aa1638F,0.9428125,1:09,F,725465,0
281,Trinidad,Trinidad,,I work hard now so in the future I can relax,9b1a7a3932649a9F,0.9428125,2:00,F,499464,0
282,St. Vincent and the Grenadines,St. Vincent and the Grenadines,12,How to throw a party in space? You planet!,11994c4a75a27118F,0.9428125,2:23,F,869695,0
283,St. Vincent and the Grenadines,St. Vincent and the Grenadines,,“To be wealthy and honored in an unjust society is a disgrace.” ,a1b1521a445768F,0.9428125,2:26,F,83219,0
284,Trinidad,Trinidad,,“The Man who says he can~ and the man who says he can not.. Are both correct”,76688363bb65093M,0.9428125,2:26,M,831756,0
285,Antigua & Barbuda,Barbados,22,I just wrote a book on reverse psychology. Do *not* read it!,b15b49495c7b9bF,0.9428125,3:09,F,266540,0
286,St. Lucia,St. Lucia,25,“What the superior man seeks is in himself; what the small man seeks is in others.” ,1ca0157b0c26109F,0.9428125,5:32,F,839469,29.78133333
287,St. Vincent and the Grenadines,St. Vincent and the Grenadines,18,“What the superior man seeks is in himself; what the small man seeks is in others.” ,6c6480009247323F,0.9428125,17:49,F,399080,0
288,Jamaica,Jamaica,,“It does not matter how slowly you go as long as you do not stop.”,07621899bbc1686F,0.9428125,18:44,F,217572,0
289,Trinidad,Trinidad,,A blind man walks into a bar. And a table. And a chair.,0095180a65a586425M,0.984479167,0:16,M,187003,0
290,St. Lucia,St. Lucia,,I just wrote a book on reverse psychology. Do *not* read it!,c023441943235a9F,0.984479167,0:19,F,606058,30.37866667
291,Grenada,Grenada,22,We all have 24 hours in the day~ let's not waste it,5c546a8c558951bM,0.984479167,1:15,M,770117,0
292,St. Vincent and the Grenadines,St. Vincent and the Grenadines,,“It does not matter how slowly you go as long as you do not stop.”,1c298379580471aF,0.984479167,2:30,F,527026,0
293,Barbados,Barbados,,How to throw a party in space? You planet!,8c8943c758b319F,0.984479167,12:45,F,272452,0
294,Trinidad,Trinidad,,I’ve just written a song about tortillas; actually~ it’s more of a rap.,67b93742b794b78M,0.984479167,13:33,M,853532,0
295,Grenada,St. Martin,,Why was the cook arrested? He was caught beating an egg.,a9b333ca4c3ba76F,0.984479167,14:25,F,510399,0
296,St. Lucia,Trinidad,,We all have 24 hours in the day~ let's not waste it,33632670c8691a7F,0.984479167,14:56,F,42440,0
297,Jamaica,Jamaica,16,What do you call a fake noodle? An impasta!,bbb533457615b57F,0.984479167,16:53,F,539602,0
298,St. Lucia,St. Lucia,,“To be wronged is nothing~ unless you continue to remember it.” ,013631bccb5c5a89F,0.984479167,16:57,F,94042,28.58666667
299,Trinidad,Trinidad,25,If we shouldn’t eat at night~ why do they put a light in the fridge?,6c7a48a731325bF,0.984479167,17:49,F,869205,0
300,Trinidad,Trinidad,29,“Respect yourself and others will respect you.”,89ba4983741bc03M,0.984479167,19:20,M,735578,0
301,Jamaica,Jamaica,20,What kind of tea is hard to swallow? Reality.,8c410a060104514F,0.984479167,21:53,F,68251,0
302,St. Vincent and the Grenadines,St. Vincent and the Grenadines,12,If I got 50 cents for every failed math exam~ I’d have $ 6.30 now.,564c988a97029a4M,0.984479167,21:56,M,730148,0
303,Trinidad,Jamaica,,Today is a lovely day.,1574174ca9c66baF,0.984479167,22:47,F,909323,0
304,St. Vincent and the Grenadines,St. Vincent and the Grenadines,,Why was the cook arrested? He was caught beating an egg.,219c637774c57bbF,0.984479167,23:26,F,354036,0
305,St. Vincent and the Grenadines,St. Vincent and the Grenadines,,“It does not matter how slowly you go as long as you do not stop.”,b2b95c5968514aF,24:04:2019,1:34,F,516402,0
306,St. Vincent and the Grenadines,St. Vincent and the Grenadines,23,“Respect yourself and others will respect you.”,c60aba27b653049F,24:04:2019,15:46,F,258699,0
307,St. Vincent and the Grenadines,St. Vincent and the Grenadines,,“What the superior man seeks is in himself; what the small man seeks is in others.” ,5c29c45293c110aF,25:04:2019,2:35,F,310330,0
308,Barbados,Barbados,25,“The man who moves a mountain begins by carrying away small stones.” ,13708763bb901118F,26:04:2019,1:56,F,651570,26.00634921
309,Grenada,Grenada,,We are what we repeatedly do. Excellence~ then~ is not an act~ but a habit.,14cb525107605c7F,26:04:2019,2:49,F,976141,0
310,Trinidad,Canada,36,It is the mark of an educated mind to be able to entertain a thought without accepting it.,0bcb2a531023577F,26:04:2019,20:09,F,407211,0
311,St. Lucia,St. Lucia,34,If I got 50 cents for every failed math exam~ I’d have $ 6.30 now.,350ac9316a6a126M,26:04:2019,20:58,M,441085,34.21866667
312,Trinidad,Trinidad,19,I recently decided to sell my vacuum cleaner as all it was doing was gathering dust.,b60276c2851409M,26:04:2019,23:43,M,453026,0
313,Trinidad,Trinidad,21,“To be wealthy and honored in an unjust society is a disgrace.” ,05375c8cb8c43a54F,27:04:2019,10:04,F,417937,30.89066667
314,Barbados,Barbados,26,Dreams are nothing without implementation.,82ab747786615aM,27:04:2019,12:00,M,287174,25.91346939
315,St. Lucia,St. Lucia,16,“The Man who says he can~ and the man who says he can not.. Are both correct”,95cc3b777881774F,27:04:2019,12:06,F,499200,30.83609977
316,St. Vincent and the Grenadines,St. Vincent and the Grenadines,16,What do you call a fake noodle? An impasta!,9aaa8cab9048029F,27:04:2019,13:21,F,948372,0
317,Trinidad,Tobago,21,“To be wronged is nothing~ unless you continue to remember it.” ,3606859201c9c15M,27:04:2019,13:42,M,434114,29.696
318,Tobago,Tobago,17,“The man who moves a mountain begins by carrying away small stones.” ,c10a1c33632583M,27:04:2019,14:13,M,921063,32
319,Trinidad,Trinidad,31,We all have 24 hours in the day~ let's not waste it,a408364067ab16M,27:04:2019,14:52,M,524743,0
320,Trinidad,Trinidad,20,Heard about the new restaurant called Karma? There's no menu: You get what you deserve.,41c43b4c2067acF,27:04:2019,15:03,F,211872,0
321,St. Lucia,St. Lucia,,A blind man walks into a bar. And a table. And a chair.,a25072455293454F,27:04:2019,15:23,F,428824,28.33066667
322,Trinidad,Trinidad,17,What did 0 say to 8? Nice belt!,87604028a219bb7M,27:04:2019,15:42,M,851818,0
323,Trinidad,Trinidad,,So what if I don’t know what “Armageddon” means? It’s not the end of the world.,c22969456339725F,27:04:2019,16:09,F,446525,33.36533333
324,Trinidad,Trinidad,19,My boss told me to have a good day.. so I went home.,692a32177276315M,27:04:2019,16:31,M,666017,0
325,Trinidad,Trinidad,,I’ve just written a song about tortillas; actually~ it’s more of a rap.,714a501475ab944F,27:04:2019,16:55,F,175918,29.952
326,Trinidad,Trinidad,20,“Respect yourself and others will respect you.”,60c014009a274b4F,27:04:2019,19:46,F,459183,0
327,Trinidad,Trinidad,,What kind of tea is hard to swallow? Reality.,b0c8c70b2012866M,27:04:2019,20:56,M,678659,0
328,Trinidad,Trinidad,25,Heard about the new restaurant called Karma? There's no menu: You get what you deserve.,3c811cb58160c79M,27:04:2019,21:56,M,525287,36.43733333
329,Tobago,Tobago,,I just wrote a book on reverse psychology. Do *not* read it!,39a609384a08b13M,27:04:2019,22:18,M,153477,0
330,Trinidad,Trinidad,32,“To be wealthy and honored in an unjust society is a disgrace.” ,b81b9b0bab66b66F,27:04:2019,22:22,F,433997,33.70666667
331,Jamaica,Grenada,23,We all have 24 hours in the day~ let's not waste it,4b4358aa5c4648bM,27:04:2019,22:23,M,945987,0
332,Trinidad,Trinidad,,Don’t you hate it when someone answers their own questions? I do.,a3c6650aca13c87M,27:04:2019,23:01,M,506462,31.91466667
333,Trinidad,Trinidad,39,Did you hear about the semi-colon that broke the law? He was given two consecutive sentences.,204949261585c48F,27:04:2019,23:30,F,831421,0
334,Trinidad,Trinidad,24,If I got 50 cents for every failed math exam~ I’d have $ 6.30 now.,584c2a9641c0938F,28:04:2019,1:24,F,415544,0
335,Antigua & Barbuda,St. Lucia,,“Real knowledge is to know the extent of one's ignorance.”,6c2c31a9351b8aF,28:04:2019,1:26,F,717904,0
336,Trinidad,Trinidad,,Did you hear about the guy who invented the knock knock joke? He won the “no-bell” prize.,5ab8029c03799aF,28:04:2019,1:50,F,45901,0
337,Trinidad,Trinidad,16,Dreams are nothing without implementation.,0a4396a39c9226b7F,28:04:2019,2:16,F,805263,0
338,Trinidad,Trinidad,18,“The Man who says he can~ and the man who says he can not.. Are both correct”,46341b41ab390a7F,28:04:2019,4:23,F,598023,0
339,Barbados,Barbados,17,Today is a lovely day.,677a4965151bM,28:04:2019,4:40,M,796206,37.33768707
340,Trinidad,Trinidad,,I’ve just written a song about tortillas; actually~ it’s more of a rap.,a254cb8c960ac1F,28:04:2019,5:32,F,498475,0
341,Trinidad,Trinidad,31,My boss told me to have a good day.. so I went home.,399927c27612646F,28:04:2019,5:51,F,162697,0
342,Trinidad,Trinidad,28,Dreams are nothing without implementation.,19637408299633bF,28:04:2019,6:30,F,6144,0
343,St. Vincent and the Grenadines,St. Vincent and the Grenadines,,If we shouldn’t eat at night~ why do they put a light in the fridge?,4978730170b58a6F,28:04:2019,11:31,F,708605,0
344,Barbados,Barbados,,What kind of tea is hard to swallow? Reality.,0757929a81b13aa6M,28:04:2019,11:40,M,612001,27.73333333
345,Trinidad,Trinidad,16,You are beautiful~ no matter what they say.,215667458739a38F,28:04:2019,11:42,F,820138,33.536
346,Grenada,Grenada,20,“Never give a sword to a man who can't dance.” ,99742610b7813b8F,28:04:2019,12:25,F,878282,0
347,Trinidad,Trinidad,24,If we shouldn’t eat at night~ why do they put a light in the fridge?,549a991152a2616F,28:04:2019,12:35,F,386092,0
348,Trinidad,Trinidad,27,The numbers 19 and 20 got into a fight. 21,417a3b64328b4c5F,28:04:2019,13:21,F,18143,30.63466667
349,St. Lucia,Trinidad,,“Everything has beauty~ but not everyone sees it.” ,53ba874105c9aa7M,28:04:2019,13:40,M,704088,35.072
350,St. Vincent and the Grenadines,St. Vincent and the Grenadines,,You may say I'm a dreamer. But I'm not the only one.,80aaca96186b837M,28:04:2019,14:38,M,805947,0
351,Guyana,Tobago,15,“He who knows all the answers has not been asked all the questions.”,a6b444323b3086F,28:04:2019,15:08,F,778637,0
352,Trinidad,Tobago,,“To be wealthy and honored in an unjust society is a disgrace.” ,0758107bc2560a37F,28:04:2019,15:23,F,383822,0
353,Trinidad,Trinidad,18,You are beautiful~ no matter what they say.,46494816a5665b4M,28:04:2019,15:52,M,416720,0
354,Tobago,Tobago,,Today I will do my best~ said Tomorrow.,2105372ab909a4aF,28:04:2019,17:18,F,402724,0
355,St. Lucia,Trinidad,19,You are beautiful~ no matter what they say.,b0ab3b29a3066bF,28:04:2019,17:58,F,106367,28.24533333
356,St. Lucia,St. Lucia,,We are what we repeatedly do. Excellence~ then~ is not an act~ but a habit.,3059471043c5aaF,28:04:2019,18:00,F,968233,36.096
357,Trinidad,Trinidad,17,I’ve just written a song about tortillas; actually~ it’s more of a rap.,014b597c994cb7b3M,28:04:2019,18:06,M,81310,44.20266667
358,Barbados,Barbados,25,My boss told me to have a good day.. so I went home.,5667b621ac3299aF,28:04:2019,21:37,F,740049,24.49066667
359,Grenada,Grenada,17,What did 0 say to 8? Nice belt!,0b64273178410ab8F,28:04:2019,22:35,F,394360,0
360,Barbados,Barbados,18,“Respect yourself and others will respect you.”,5b6a32b3ca57664M,28:04:2019,22:36,M,438392,0
361,Jamaica,Jamaica,17,If I got 50 cents for every failed math exam~ I’d have $ 6.30 now.,2b660273334b069F,28:04:2019,22:48,F,613122,0
362,St. Lucia,St. Lucia,17,“The man who moves a mountain begins by carrying away small stones.” ,a44b828753063c4F,28:04:2019,23:23,F,453371,0
363,Trinidad,Trinidad,15,Don’t you hate it when someone answers their own questions? I do.,c926002768b983F,28:04:2019,23:27,F,219519,0
364,Trinidad,Trinidad,24,Dreams are nothing without implementation.,5b556c83900bc85M,29:04:2019,0:53,M,697551,0
365,Grenada,Grenada,,If we shouldn’t eat at night~ why do they put a light in the fridge?,96bc90a3a740214F,29:04:2019,1:59,F,60936,0
366,Barbados,Barbados,,“Everything has beauty~ but not everyone sees it.” ,875385450b72a7M,29:04:2019,2:11,M,790467,0
367,Trinidad,Trinidad,21,I just wrote a book on reverse psychology. Do *not* read it!,5cc5822796cc3bF,29:04:2019,22:55,F,154430,0
368,St. Vincent and the Grenadines,St. Vincent and the Grenadines,,A blind man walks into a bar. And a table. And a chair.,95372a9446a31aF,0.068506944,19:38,F,302101,0
369,Jamaica,Jamaica,,If we shouldn’t eat at night~ why do they put a light in the fridge?,755a1830701ac5F,0.151840278,13:22,F,608809,0
370,Jamaica,Jamaica,,A blind man walks into a bar. And a table. And a chair.,304cabab32cb716M,0.735173611,14:09,M,882092,0
371,Jamaica,Jamaica,,“Everything has beauty~ but not everyone sees it.” ,734b2b5a9c88645M,0.735173611,14:48,M,75641,0
372,Dominica,Dominica,28,“What the superior man seeks is in himself; what the small man seeks is in others.” ,0bb870a44c621817F,27:05:2019,1:54,F,155557,0
373,Dominica,Dominica,,“The man who moves a mountain begins by carrying away small stones.” ,26c8b08612b8068F,27:05:2019,2:31,F,290951,0
374,Cuba,Cuba,32,Dreams are nothing without implementation.,c754491bac894a8F,27:05:2019,21:30,F,451930,0
375,Cuba,Canada,,“Real knowledge is to know the extent of one's ignorance.”,1c67756aca64143M,28:05:2019,17:55,M,585972,0
376,Cuba,Canada,,Did you hear about the semi-colon that broke the law? He was given two consecutive sentences.,07008302c400a1aM,30:05:2019,0:01,M,12762,0
377,Cuba,Cuba,37,Did you hear about the semi-colon that broke the law? He was given two consecutive sentences.,42c34486898c34M,0.319201389,14:36,M,987779,0
378,St. Martin,United States Virgin Islands,17,Did you hear about the semi-colon that broke the law? He was given two consecutive sentences.,6649612858b1492F,0.694201389,3:11,F,647446,0
